1,ALFA ROMEO
4,AMBASSADOR
5,COMMANDO
6,GREMLIN
8,JAVELIN
9,JEEP CHEROKEE
10,WAGONEER
11,JEEPSTER
13,RAMBLER
15,FOX
20,BUS
24,APOLLO
25,CENTURY
26,CENTURY WAGON
27,CENTURY LUXUS
28,REGAL
29,LESABRE
30,LE SABRE LUXUS
31,ESTATE WAGON
32,ELECTRA
33,RIVIERA
35,CALAIS
36,DEVILLE
37,ELDORADO
40,CAPRI
43,BEL AIR
44,BISCAYNE
45,BLAZER
46,CAMARO
47,CAPRICE
48,CHEVELLE
49,CHEVY II
50,CORVETTE
51,CORVAIR
52,EL CAMINO
53,IMPALA
54,LAGUNA
55,LUV
56,MALIBU
57,MONTE CARLO
58,NOVA
59,VEGA
61,IMPERIAL
62,NEWPORT
63,NEW YORKER
64,TOWN & COUNTRY
65,300
70,DEERE
71,T OR REO
73,CHALLENGER
74,CHARGER
75,COLT
76,CORONET
77,CRESTWOOD
78,DART
79,MONACO
80,POLARA
83,FEDERAL MOTORS
86,BRONCO
88,COURIER
89,CUSTOM
90,FAIRLANE
91,FALCON
92,GALAXIE
93,LTD
94,MACH I OR II
95,MAVERICK
96,MUSTANG
97,PINTO
98,RANCHERO
99,THUNDERBIRD
100,TORINO
103,SPRINT
104,JIMMY
109,SCOUT
115,MARK SERIES
117,ROTARY
119,COMET
120,COUGAR
122,MARQUIS
123,MONTEGO
124,MONTEREY
125,PARK LANE
128,MOTO GUIZZI
129,CUSTOM CRUISER
130,CUTLASS SUPREME
131,DELTA 88
132,OMEGA
133,98
134,TORONADO
136,OPEL
142,DUSTER
143,FURY
144,GTX
145,SATELLITE
146,SCAMP
147,TRAILDUSTER
148,VALIANT
150,BONNEVILLE
151,CATALINA
152,FIREBIRD
153,GRAND AM
154,GRAND PRIX
155,GRAND VILLE
156,LEMANS
157,TEMPEST
158,VENTURA
163,ROLLS ROYCE
166,SILVER EAGLE
171,CARINA
172,CELICA
173,COROLLA
174,CORONA
175,HI-LUX
176,LAND CRUISER
177,MX MARK II
181,BEETLE
182,KARMANN-GHIA
183,DASHER
192,SKYHAWK
193,SKYLARK
194,SEVILLE
195,C-SERIES
196,CHEVETTE
197,CONCOURS
198,G SERIES
199,MONZA
200,CORDOBA
201,ASPEN
202,"CUSTOM 500, STATION WAGON"
203,ELITE
204,GRANADA
205,C-SERIES
206,G SERIES
208,TRAVELALL
210,MONARCH
212,GRAN FURY
213,VOLARE
214,ASTRE
215,SUNBIRD
216,TRANSPORTER
217,RABBIT
218,SCIROCCO
220,INLINE
221,ARROW
222,LTD II
223,CONCORD
224,LEBARON
225,MAGNUM
226,OMNI
227,BERTONE
228,FAIRMONT
229,FIESTA
230,FUTURA
231,GENERAL
232,MAGNA VAN
233,RALLY
234,RALLY CAMPER
235,VANDURA
236,ACCORD
237,VERSAILLES
238,ZEPHYR
239,CALAIS
240,HORIZON
241,SAPPORO
242,PHOENIX
243,THING
244,SPIRIT
246,5000
247,COMMERCIAL CHASSIS
249,SUBURBAN
251,CELESTE
252,DIPLOMAT
253,ST REGIS
255,CABALLERO
256,CIVIC
257,RX SERIES
260,CUTLASS SALON
261,DELTA 88 ROYALE
262,98 LUXURY
263,98 REGENCY
264,CHAMP
265,LANCER
269,CRESSIDA
273,CITATION
275,EAGLE
276,210
277,310
278,510
279,200SX
280,280ZX
281,810
282,BRAVA
283,124
284,128
285,131
286,PRELUDE
287,BETA
289,COBRA
290,MIRADA
292,ESCORT
293,ARIES
294,RELIANT
295,LYNX
297,MAXIMA
299,CIMARRON
300,CAVALIER
301,024 DE TOMASO
303,J-2000
305,GLC
306,BRAT
307,DL
308,STARLET
309,4000
310,633 CSI
311,733I
312,300 SD
313,380 SLC
314,924
315,928
316,JETTA
318,308GTS
319,SPIDER
320,STRADA
321,X 1/9
322,ZAGATO
325,TR-8
326,GLF
327,EXP
330,STANZA
331,SPIRIT
332,T-1000
335,TOWN CAR
336,CELEBRITY
337,QUANTUM
338,6000
339,CIERA
340,FIRENZA
341,SENTRA
343,ALLIANCE
344,ENCORE
346,QUATTRO
348,S SERIES
349,E-CLASS
350,LASER
352,300ZX
353,PULSAR
355,400
356,600
357,RANGER
358,TEMPO
359,S TRUCK
360,CIVIC CRX
361,TOPAZ
362,COLT
363,CONQUEST
364,FIERO
365,PARISIENNE
366,SUPRA
367,TERCEL
368,VAN WAGON
370,ASTRO
372,GEO SPRINT
373,5TH AVENUE
374,LANCER
375,AEROSTAR
376,TAURUS
378,SABLE
379,CARAVELLE
380,CAMRY
381,GOLF
382,CABRIOLET
383,VANAGON
385,TURISMO
386,IMPULSE
387,TROOPER
388,MARK
389,MIRAGE
390,TREDIA
391,CORDIA
392,GALANT
394,CONQUEST
395,4RUNNER
396,SAMURAI
399,BERETTA/CORSICA
400,SHADOW
402,REATTA
403,ALLANTE
404,CONQUEST TSI
406,DYNASTY
407,FESTIVA
408,PROBE
409,SCORPIO
410,TRACER
411,MONTERO
412,PRECIS
413,STARION
414,SUNDANCE
415,SAFARI
417,FOX
420,LUMINA
421,SALON
422,SPIRIT
423,METRO
424,PRIZM
425,SPECTRUM
426,STORM
427,TRACKER
430,MX-6
431,MX-5 MIATA
432,MILANO
433,MPV
434,PROTEGE
435,ECLIPSE
436,SIGMA
437,AXXESS
438,240SX
439,ACCLAIM
440,LASER
441,TRANS SPORT
442,JUSTY
443,LEGACY
444,LOYALE
445,SIDEKICK
446,SWIFT
447,MR2
448,INTEGRA
449,LEGEND
450,NSX
451,80/90 SERIES
452,100/200 SERIES
454,ROADMASTER ESTATE WAGON
455,BROUGHAM
456,CHARADE
458,STEALTH
459,SONOMA
460,EXCEL
461,SCOUPE
462,SONATA
463,G20
464,M30
465,Q45
467,AMIGO
468,NAVAJO
469,3000 GT
470,BRAVADA
471,SILHOUETTE
472,CORRADO
473,PASSAT
474,VIGOR
475,ROADMASTER
476,EAGLE TALON TSI
478,SAFARI
479,YUKON
480,ELANTRA
481,ES 250
482,300
483,400
484,SC 300
485,SC 400
486,MX-3 GS
487,DIAMANTE
488,EXPO LRV
489,EXPO SPORT
490,NX2000
491,ACHIEVA
492,968
493,SVX
494,PASEO
495,PREVIA
496,960
497,EAGLE VISION
498,525 I
499,CONCORDE
500,ALTIMA
501,QUEST
502,INTREPID
503,VIPER
504,DEL SOL
505,J30
506,STYLUS
507,626
508,929
509,400/500
510,500 SL/600 SL
511,VILLAGER
512,SC1
513,SL1
514,SW1
516,IMPREZA
517,T100
518,EUROVAN
519,GTI
520,240
521,850 GLT
522,318
523,325
524,530
525,540
526,740
527,840
529,LHS
531,PATHFINDER
533,NEON
535,PASSPORT
536,RODEO
539,323
540,NEON
541,VOYAGER
543,740
544,760
545,780
546,940
547,TAHOE
548,CIRRUS
549,AVENGER
550,CARAVAN
551,STRATUS
552,ASPIRE
553,CONTOUR
554,EXPLORER
555,WINDSTAR
556,SIERRA PICKUP
557,ACCENT
558,MILLENIA
559,MYSTIQUE
560,AURORA
561,SUNFIRE
562,911 CARRERA
563,AVALON
564,TL
565,Z3
566,K SERIES
567,DAKOTA
568,RAM VAN
570,SAVANA
571,ODYSSEY
572,I30
573,HOMBRE
574,SEPHIA
575,SPORTAGE
576,LEGACY OUTBACK
577,LX 450
578,BUS
579,BREEZE
580,X90
581,RAV4
582,CL
583,RL
584,SLX
585,A-4
586,A-6
587,A-8
588,328
589,528
590,CATERA
591,KODIAK
592,VENTURE
593,SEBRING
595,B SERIES
596,D-SERIES
597,PROSPECTOR
598,RAIDER
599,RAMCHARGER
600,ECONOLINE
601,EXPEDITION
602,F SERIES
603,BRIGADIER
604,SUBURBAN
605,CR-V
608,QX4
609,OASIS
612,DEFENDER 90
613,DISCOVERY
615,MED. DUTY TRUCK
616,B-SERIES PICKUP
618,MOUNTAINEER
620,BUS
621,PROWLER
622,FIREFLY
623,900
624,9000
625,ESTEEM
628,BUS
629,TACOMA
631,CABRIOLET
632,5 SERIES
633,7 SERIES
634,FRONTIER
635,DURANGO
636,TIBURON
637,LX 470
638,NAVIGATOR
639,320 ML
640,320 CLK
641,SCORPIO
642,XR4TI
643,INTRIGUE
644,LSS
645,BOXSTER
646,FORESTER
647,STREEGA
648,SIENNA
651,TT COUPE
652,3 SERIES
653,6 SERIES
654,8 SERIES
655,M SERIES
656,Z SERIES
657,ESCALADE
658,SILVERADO
659,DENALI
660,ENVOY
661,VEHICROSS
662,ES SERIES
663,GS SERIES
664,LS SERIES
665,LX SERIES
666,RX SERIES
667,SC SERIES
669,CONTINENTAL
670,LS
671,C
672,CL
673,CLK-CLASS
674,E-CLASS
675,M-CLASS
676,S
677,SL-CLASS
678,SLK
680,ALERO
681,MONTANA
683,3-Sep
684,5-Sep
685,VITARA
686,CAMRY SOLARA
687,TUNDRA
688,S80
689,X5
690,EAGLE VISION
691,LANOS
692,LEGANZA
693,NUBIRA
694,XTERRA
695,EXCURSION
696,FOCUS
697,INSIGHT
698,S2000
699,LS
700,LW
701,ECHO
702,PRIUS
705,MDX
706,S-4
707,S-8
708,ALLROAD
709,PT CRUISER
711,ESCAPE
712,EXPLORER SPORT TRAC
713,SANTA FE
714,XG300
715,OPTIMA
716,RIO
717,SPECTRA
718,IS 300
719,TRIBUTE
720,AZTEC
721,HIGHLANDER
722,SEQUOIA
723,S60
724,RSX
725,S-6
726,Z8
727,RENDEZVOUS
728,CTS
729,ESCALADE EXT
730,AVALANCHE
731,EXPRESS
732,TRAILBLAZER
734,PROWLER
735,VOYAGER
736,XG350
737,I35
738,AXIOM
739,SEDONA
740,FREELANDER
741,BLACKWOOD
742,COOPER
743,G
744,LANCER
745,L SERIES
746,S SERIES
747,VUE
748,AERIO
749,XL-7
754,CABRIO
755,XC
756,Z4
757,XLR
758,SSR
759,CROSSFIRE
760,ELEMENT
761,PILOT
762,H2
764,G35
765,M45
766,ASCENDER
767,SORENTO
768,GX 470
769,AVIATOR
771,SPEED PROTEGE
772,PROTEGE5
773,MARAUDER
774,ECLIPSE SPYDER
775,OUTLANDER
776,350Z
777,MURANO
778,VIBE
779,ION
780,BAJA
781,XC90
783,ALTIMA HYBRID
784,ARMADA
785,CLS
786,COOPER CLUBMAN
787,DISCOVERY II
788,IS 350
789,IS 350 C
790,IS F
791,LX 570
792,MIGHTY MAX
793,MILAN
794,NAVIGATOR L
795,RX7
796,RX8
797,SC 430
798,SLR
799,SP / SPX
800,SPACE WAGON
801,SPECTRA5
802,2-Sep
803,93
804,95
805,181
806,405
807,504
808,505
809,604
810,911
811,944
812,TRANSIT BUS
813,BUS
814,E SERIES
815,F SERIES
816,G SERIES
817,K SERIES
818,P SERIES
819,R SERIES
820,V SERIES
821,W-SERIES
822,100 SERIES
826,128I
828,135I
830,164
831,190
832,200 GTX
833,200 SERIES
834,2000 GTX
835,200SX
836,240
837,260
838,280
839,300-CLASS
840,300ZX
841,308
842,320I
843,323
844,328
845,330
846,335
847,348
848,350
849,360
850,370Z
851,380-CLASS
852,400
853,420
854,425
855,430
856,430
857,456
858,500
860,524
861,533
862,535
863,545
864,550
865,F550
866,560
867,MAYBACH
868,575
869,599 GTB FIORANO
870,6
871,60 SPECIAL
872,600
874,635 CSI
875,645 CI
876,650I
877,720
878,720 SERIES TRUCK
879,735
880,745
881,750
882,760
883,80 SERIES
884,850
885,88
886,88 ROYALE
888,90 SERIES
889,9-7X
892,A3
893,A5
894,ACADIA
895,ACADIAN
898,ALFA ROMERO
902,ALL TERRAIN PICKUP
904,ALL TERRAIN
908,ALLURE
909,ALPINA B7
910,ALTRA
911,AMANTI
912,AMBULANCE
914,ARNAGE
915,ASPEN
916,ASTRA
918,ATC
919,AURA
920,AVEO
921,AVIATOR
922,AZERA
923,AZURE
924,B210
925,B
927,BITURBO
928,BORREGO
929,BREVA 1100
931,BREVA 750
932,BRONCO/BRONCO II
933,BROOKLANDS
934,B-SERIES TRUCK
935,B-SERIES
936,BUS
937,BUS CHASSIS
938,BUS
939,TRANSIT BUS
940,BUS
941,BUS
942,ORION VI
943,BUS
944,BUS
945,TRANSIT BUS
946,C/T
947,C116
948,C120
949,C30
950,C70
951,CALIBER
952,CALIFORNIA 1100
955,CALIFORNIA III
956,CALIFORNIA VINTAGE
957,CAMPER
958,CANYON
959,CARAVAN
960,CARMAQUE
961,CARRERA GT
962,CAYENNE
963,CAYMAN
964,CC
965,CEMENT MIXER
966,CENTURION
967,CENTURY II
968,CHASSIS
970,CHEROKEE
972,CINCO
973,CITYLINER
974,CJ5
975,CJ7
976,CLASSIC
977,CLUBWAGON
978,COBALT
979,COLORADO
980,COMANCHE
981,COMANCHE
982,COMMANDER
983,COMPASS
984,CONCRETE MIXER
985,CONDOR
986,CONQUEST
987,CONTINENTAL
988,CONVENTIONAL
990,CORNICHE
991,CORNICHE
992,CORSICA
993,COUNTACH
994,COUPE
995,CROWN VICTORIA
996,C-SERIES
997,CSX
998,CUBE
999,CUSTOM
1000,CUTLASS
1001,CUTLASS BROUGHAM
1002,CUTLASS CALAIS
1003,CUTLASS CIERA
1004,CUTLASS CRUISER
1005,CUTLASS GL
1006,CUTLASS GLS
1007,CUTLASS LS
1008,CX-7
1009,CX-9
1010,D-10 MILITARY BLAZER
1011,D21 SERIES TRUCK
1012,DAYTONA
1013,DAYTONA
1016,DB7
1017,DB9
1018,DBS
1019,DEFENDER
1020,DELTA 88 INTERNATIONAL
1021,DIABLO
1022,DIAMOND
1030,DRILL RIG
1031,DTS
1032,DYNASTY
1034,ECO
1035,EDGE
1036,EDS
1037,EIGHT
1038,ELAN
1039,ELECTRA ESTATE WAGON
1040,ELISE
1041,ENCLAVE
1042,ENDEAVOR
1043,ENTOURAGE
1044,ENZO
1045,EOS
1046,EPICA
1047,EQUATOR
1048,EQUINOX
1049,EQUIPMENT CARRIER
1050,ES 300
1051,ES 330
1052,ES 350
1053,ESPRIT
1057,EV PLUS
1058,EVO
1059,EX35
1060,EXECUTIVE
1061,EXECUTIVE XJ6
1062,EXIGE
1063,EXPO
1064,EXPRESS RV
1066,F355
1067,F40
1068,F50
1069,F550
1070,F575
1071,FCX
1072,FE TRUCK
1073,FG TRUCK
1074,FH TRUCK
1075,FIFTH AVENUE
1076,FIRETRUCK
1077,FIRETRUCK
1078,PETER PIRSCH
1079,PIERCE
1080,FIRETRUCK
1081,FIRETRUCK
1082,EAGLE
1083,FIT
1084,FIVE HUNDRED
1085,FJ CRUISER
1086,FK TRUCK
1087,FLEETWOOD
1088,FLEX
1089,FLYING SPUR
1090,FM TRUCK
1091,FORENZA
1092,FORSA
1093,FORTE
1094,FREESTAR
1095,FREESTYLE
1096,FUEGO
1097,FUSION
1098,FWD
1099,FX35
1100,FX50
1101,G3
1102,G37
1103,G5
1104,G6
1105,G8
1106,GALLARDO
1107,GENESIS
1108,GL
1109,GL-10
1110,GL
1111,GLI
1112,GLIDER KIT
1113,GLK
1114,GRAND MARQUIS
1115,GRAND CARAVAN
1116,GRAND CHEROKEE
1117,GRAND LEMANS
1118,GRAND VITARA
1119,GRAND VOYAGER
1120,GRAND VOYAGER
1121,GRAND WAGONEER
1122,GRAND WAGONEER
1123,GRANSPORT
1124,GRANTURISMO
1127,GS 300
1128,GS 350
1129,GS 400
1130,GS 430
1131,GS 450H HYBRID
1132,GS 460
1133,GT
1134,GT
1135,GTO
1136,GT-R
1137,GT
1138,H-1
1140,H-3
1141,HATCHBACK
1142,HHR
1143,HMC2
1144,HMC4
1145,HMCO
1148,HONEYBEE
1149,HP2
1150,I-MARK
1151,INCOMPLETE VEHICLE
1152,INTER FRONT LOADER
1153,INTER REAR LOADER
1154,INTER SIDE LOADER
1155,INTREPID
1156,IS 250
1157,IS 250 C
1159,J10 PICKUP
1161,J20 PICKUP
1162,JALPA
1165,JIMNY
1166,JOURNEY
1167,KING CAB
1168,KOMBI
1171,L100
1172,L200
1173,L300
1174,L7
1175,LACROSSE
1176,LASER
1177,LAURENTIAN
1179,L
1181,LIBERTY
1182,LM
1183,LOW ENTRY
1184,LP
1185,LPS
1186,LR2
1187,LR3
1188,LS 400
1189,LS 430
1190,LS 460
1191,LS 600H L
1192,LS
1193,LUCERNE
1195,M128 GT
1196,M138 SPYDER
1197,M35
1198,MARINER
1199,MARINER HYBRID
1200,MARK LT
1201,MARK MKS
1202,MARK MKT
1203,MARK MKX
1204,MARK MKZ
1205,MARK VI
1206,MARK VII
1207,MARK VIII
1208,COROLLA MATRIX
1209,MAXIMA
1210,MAZDA3
1211,5
1212,MEDALLION
1213,METRO
1214,METROPOLITAN
1215,MICRA
1216,MICRA
1217,MILAN HYBRID
1218,MILANO
1223,MINI RAM
1225,MIXER
1226,ADVANCE MIXER
1227,MONDIAL
1228,MONTERO SPORT
1231,MOTORHOME
1233,MOTORHOME
1246,MOTORHOME
1247,MOTORHOME
1248,MPV
1249,MTD COUNTRY SQUIRE
1250,MULSANNE
1251,MULTI
1252,MURCIELAGO
1254,N W BET CONVERT GLX
1255,NEON
1257,NEW BEETLE
1258,NEW S4
1260,NITRO
1263,NORGE
1264,NX COUPE
1265,OPTIMA
1266,OPTRA
1267,OTHER
1268,OUTBACK
1269,OUTLOOK
1270,PACIFICA
1271,PARK AVENUE
1272,PARK WARD
1273,PATRIOT
1274,PHAETON
1275,PHANTOM
1276,PININFARINA
1277,PONY
1278,PREMIER
1279,GEO PRIZM
1280,PROFESSIONAL CHASSIS
1281,PULSAR
1282,PUP
1283,PURSUIT
1284,Q5
1285,Q7
1286,QUATTROPORTE
1287,QX56
1288,R SERIES
1289,R32
1290,R8
1291,RAIDER
1292,RAINIER
1293,RALLY WAGON
1294,RALLY WAGON / VAN
1296,RAM WAGON
1297,RAMPAGE
1298,RANGE ROVER
1299,RANGE ROVER SPORT
1300,R
1301,RDX
1302,RECYCLE EQUIPMENT
1303,REGENCY
1304,RELAY
1305,RENO
1306,RIDGELINE
1307,RIO5
1308,ROADSTER
1310,ROGUE
1311,RONDO
1312,ROUTAN
1313,ROYAL
1314,RS4
1315,RS6
1316,RX 300
1317,RX 330
1318,RX 350
1319,RX 400
1320,RX 400 HYBRID
1321,RX
1322,S15
1323,S40
1324,S5
1325,S70
1326,S90
1327,SA310
1332,SAPPORO
1333,SC
1335,SC2
1336,SCHOOL BUS
1337,SCHOOL BUS / TRANSIT BUS
1340,SENTRA
1342,SHELBY
1343,SHORT BED
1345,SILVER SERIES
1346,SILVERSTAR
1350,SKY
1352,SL
1353,SL2
1355,SOLSTICE
1356,SOMERSET
1357,SOUL
1358,SOVERIGN
1360,SPECIALTY
1361,GEO SPECTRUM
1362,SPEED 3
1363,SPEED 6 AWD
1364,SPEED MIATA
1365,SPIDER
1367,SPORT
1369,SPORTVAN / VAN
1371,SPRINTER
1372,SPYDER
1373,SRX
1374,STANDARD
1375,STANDARD
1376,STANZA
1377,STELLAR
1378,STELVIO
1379,STEP VAN
1380,STEPVAN
1381,STS
1382,S-TYPE
1383,SUMMIT
1384,SUNBURST
1386,SUNRUNNER
1387,SUPER 8
1388,SW2
1389,SYCLONE
1390,TALON
1391,T-C BY MASERATI
1392,TERRAIN
1393,TERRAZA
1394,TESTAROSSA
1395,THINK NEIGHBOR
1396,TIGUAN
1397,TITAN
1398,TOPKICK
1399,TORRENT
1400,TOUAREG
1401,TOURING LIMO
1402,TR7
1403,TRACKER
1404,TRANSIT BUS
1405,TRANSIT BUS
1406,TRANSIT BUS
1407,SETRA
1408,TRANSIT BUS
1409,TRANSIT BUS
1410,TRANSIT BUS
1411,TRANSIT BUS
1412,TRANSIT CONNECT
1414,TRAVERSE
1415,TRIBECA
1416,TRIBUTE HYBRID
1430,TSX
1431,TUCSON
1432,TURBO
1433,TYPHOON
1434,UPLANDER
1436,V10 CENTAURO
1437,V40
1438,V50
1439,V7 CLASSIC
1440,V70
1441,V8 QUATTRO
1442,V90
1443,VALUE VAN
1444,VAN
1445,VAN
1446,VANDENPLAS
1447,VANQUISH
1448,V8
1449,VENZA
1450,VERACRUZ
1451,VERONA
1452,VERSA
1453,VEYRON
1454,VIRAGE
1455,VISION
1459,WAGON
1461,WAGONEER
1462,WAVE
1463,WRANGLER
1464,WRANGLER
1465,X TRAIL
1466,X3
1467,X6
1468,XC60
1469,XC70
1470,XF SERIES
1471,XJ SERIES
1472,XK SERIES
1474,XR3
1475,XT
1476,X-TYPE
1477,YARIS
1479,ZEPHYR
2125,EL
2126,ILX
2127,RLX
2128,ZDX
2130,HMC
2131,HMR
2137,CHEROKEE
2141,RAPIDE
2144,80
2145,90
2146,100
2147,200
2148,A4
2149,A6
2150,A7
2151,A8
2152,RS5
2153,S4
2154,S6
2155,S7
2156,S8
2157,TT
2158,TTS
2159,AVANTI
2163,128
2164,135
2165,320
2166,525
2167,633
2168,635
2169,640
2170,645
2171,650
2172,733
2173,1M
2174,ACTIVE E
2175,ACTIVEHYBRID 3
2177,M
2178,M3
2179,M5
2180,M6
2181,X1
2184,ENCORE
2186,PARK
2187,VERANO
2189,60
2190,ATS
2191,COMMERCIAL
2192,CTS-V
2196,STS-V
2197,XLR-V
2198,XTS
2200,BERETTA
2201,C10
2202,C1500
2203,C1500 SUBURBAN
2204,C20
2205,C2500
2206,C2500 SUBURBAN
2207,C30
2208,CAPTIVA
2209,CRUZE
2210,D10
2211,D30
2212,EQUINOX SPORT
2213,K10
2214,K1500
2215,K1500 SUBURBAN
2216,K20
2217,K2500
2218,K2500 SUBURBAN
2219,K30
2220,K3500
2221,MONTE
2223,R10
2224,R10 SUBURBAN
2225,R1500 SUBURBAN
2226,R20
2227,R20 SUBURBAN
2228,R2500
2229,R2500 SUBURBAN
2230,R30
2231,R3500
2232,S TRUCK
2233,S10
2234,S10 BLAZER
2235,S10 ELECTRIC
2236,SILVERADO C1500
2237,SILVERADO C2500
2238,SILVERADO C3500
2239,SILVERADO K1500
2240,SILVERADO K2500
2241,SILVERADO K3500
2242,SILVERADO SS
2243,SONIC
2244,SPARK
2245,SS
2246,TAHOE C1500
2247,TAHOE K1500
2248,TRAX
2249,V10
2250,V10 BLAZER
2251,V10 SUBURBAN
2252,V1500 SUBURBAN
2253,V20
2254,V2500 SUBURBAN
2255,V30
2256,V3500
2257,VOLT
2258,200
2259,300C
2260,300M
2261,E
2264,NEW
2266,2000
2267,COLT 100
2269,D-100
2270,D-150
2271,D-250
2272,D-350
2273,D50
2275,RAM 1500
2276,RAM 2500
2277,RAM 50
2278,RAM SRT10
2279,RAM TRUCK 1500
2280,RAM TRUCK 2500
2281,RAM 3500
2283,RAMCHARGER AD-150
2285,RAMCHARGER AW-150
2286,ST
2287,W100
2288,W-100
2289,W-150
2290,W-250
2291,W-350
2293,EAGLE
2294,458
2295,599
2296,612
2301,512TR
2302,CALIFORNIA
2304,F430
2305,FF
2307,500 ABARTH
2308,500 LOUNGE
2309,500 POP
2310,500 SPORT
2311,500L EASY
2312,500L LOUNGE
2313,500L POP
2314,500L TREKKING
2316,KARMA
2319,BRONCO II
2320,C-MAX
2321,CROWN VIC
2322,ECOSPORT
2323,F100
2324,F150
2325,F250
2326,F350
2327,F450
2328,KA
2329,MONDEO
2332,825
2333,E2
2334,E4
2335,E6
2336,EL
2337,ES
2338,EV1
2340,C1500
2341,C2500
2342,C3500
2343,G20
2344,GEO
2345,K1500
2346,K1500 JIMMY
2347,K1500 SUBURBAN
2348,K2500
2349,K2500 SUBURBAN
2350,K3500
2351,R1500
2352,R1500 SUBURBAN
2353,R2500
2355,R35 CONVENTIONAL
2356,SIERRA C1500
2357,SIERRA C2500
2358,SIERRA C3500
2359,SIERRA DENALI
2360,SIERRA K1500
2361,SIERRA K2500
2362,SIERRA K3500
2364,V15 CONVENTIONAL
2365,V25 CONVENTIONAL
2366,V35 CONVENTIONAL
2368,CROSSTOUR
2369,CR-Z
2370,EV
2372,H1
2373,H3
2374,H3T
2376,HMCS
2379,EQUUS
2380,SANTA
2381,VELOSTER
2382,VERACRUZGLS
2385,EX37
2386,FX37
2387,FX45
2388,G25
2389,JX35
2390,M35H
2391,M37
2392,M56
2393,Q50
2394,Q60
2396,QX50
2397,QX70
2398,ESTAR
2399,CONVENTIONAL
2400,I-280
2401,I-350
2402,I-370
2403,PICKUP
2404,SPACE
2405,EXECUTIVE
2406,F-TYPE
2407,SUPER V8
2408,VANDEN
2409,XF
2410,XFR
2411,XJ
2412,XJ12
2413,XJ6
2414,XJ6L
2415,XJ8
2416,XJL
2417,XJR
2419,XJS
2421,XK
2422,XK8
2423,XKR
2424,J10
2425,J20
2426,CADENZA
2427,NEW SPECTRA
2429,LAFORZA
2430,AVENTADOR
2433,LR4
2434,RANGE ROV
2435,RANGE RVR
2436,CT
2437,ES
2438,GS
2439,GX
2440,HS
2441,IS
2442,IS-F
2444,LS
2445,LX
2446,RX
2447,SC
2448,CONTINTL
2449,MKS
2450,MKT
2451,MKX
2452,MKZ
2453,T C
2454,EVORA
2457,GHIBLI
2461,323/SE
2462,6I
2463,6S
2464,B2000
2465,B2200
2466,B2300
2467,B2500
2468,B2600
2469,B3000
2470,B4000
2471,CX-5
2472,MAZDA2
2473,MAZDA3I
2474,MAZDA3S
2475,MAZDA6I
2476,MAZDA6S
2477,MAZDASPEED3
2478,MAZDASPEED6
2479,MIATA
2480,MX-3
2481,MX5
2482,MX-5
2483,MP4-12C
2486,CLA
2487,E300D
2488,E320
2489,E420
2490,GLA
2491,ML-CLASS
2492,SL65AMG
2493,SLS
2494,VIANO
2495,I MIEV
2496,MIGHTY
2497,OUTLANDER SPORT
2498,SP
2499,SPACE
2501,720
2502,200SX/SE
2503,240SX/SE
2504,D21
2505,JUKE
2506,LEAF
2507,LONG
2508,NX
2509,SHORT
2512,AZTEK
2513,J2000
2515,924S
2517,BOXSTERS
2518,CARRERA
2519,PANAMERA
2520,PROMASTER
2521,TRUCK
2523,18I
2527,SPORTWAGON
2529,GHOST
2535,92X
2536,9-4X
2537,LS1
2538,LS2
2539,LW1
2540,LW2
2541,LW200
2542,LW300
2544,FORTWO
2548,825
2549,827
2550,B9 TRIBECA
2551,BRZ
2553,LEGCY
2554,LGCY
2555,XV CROSSTREK
2556,GRAND
2557,KIZASHI
2559,SX4
2560,XL7
2562,MODEL S
2563,3/4 TON
2565,4RUNNER/SR5
2566,DELUXE
2569,PICKUP
2570,FR-S
2571,SCION IQ
2572,SCION IQ ELECTRIC
2573,SCION TC
2574,SCION XA
2575,SCION XB
2576,SCION XD
2577,SR5
2578,XTRACAB
2579,TR8
2582,TVR
2584,NEW GTI
2585,NEW JETTA
2586,NW BET CONVERT
2587,PSAT
2588,242
2589,244
2590,245
2591,262
2592,264
2593,265
2594,745
2595,765
2596,850
2598,GV
2599,GVC
2600,GVL
2601,GVS
2602,GVX
2603,2.2CL
2604,2.3CL
2605,2.5TL
2606,3.0CL
2607,3.2CL
2608,3.2TL
2609,3.5RL
2610,TLX
2611,ADVANCE MIXER
2612,4C
2613,VELOCE
2616,H1
2617,10TH ANNIVERSARY
2618,BANDERA
2619,CLASSIC
2620,CLASSIC CHOPPER
2621,JUDGE
2622,LEGEND
2623,LSC
2624,OUTLAW
2625,RANGER
2626,ROADSTER
2627,SLAMMER
2628,STALKER
2629,TEJAS SJ
2630,TEXAS CHOPPER
2631,ATLANTIC
2632,CAPONORD
2633,DORSODURO
2634,ETV 1000
2635,MANA
2636,MOJITO
2637,MXV
2638,RALLY
2639,RS
2640,RST FUTURA
2641,RSV
2642,RSV4
2643,RXV
2644,SCARABEO
2645,SHIVER
2646,SL1000
2647,SPORTCITY
2648,SPORTCITY 250
2649,SR MOTARD
2650,SR50
2651,SXV
2652,TUONO
2653,HUNTER 244
2655,V12 VANTAGE
2656,50
2657,90
2658,110
2659,125
2660,200
2661,250
2662,260
2663,350
2664,406
2665,450
2666,490
2667,503
2668,600
2669,605
2670,A4 ALLROAD
2671,Q3
2672,RS7
2673,SPORT
2674,SQ5
2675,TT RS
2676,ACL
2677,ACM
2678,AT
2679,C / DC
2680,CONSTRUKTOR
2681,DK
2682,DS
2683,S
2684,XPEDITOR
2685,XPERT
2686,XSPOTTER-OFF
2687,XSPOTTER-ON
2689,TRANSIT CONNECT E
2690,BASHAN ATV
2691,BASHAN DIRT BIKE
2692,BASHAN MOTORCYCLE
2693,BASHAN SCOOTER
2694,155
2696,FLYING SPUR
2697,HD67MX
2698,LD15A
2699,MD23M
2700,MD26M
2701,ATHENA
2702,BEAR BONES
2703,DEVILS ADVOCATE
2704,GTX
2705,MERC
2706,MISS BEHAVIN
2707,PARADOX
2708,RAGE
2709,REAPER
2710,SCREAMIN DEMON
2711,THE SLED
2712,VENOM
2713,AEROGLIDE
2714,AEROSPORT
2715,BOXER
2716,BULLDOG
2717,CHOPPER
2718,COYOTE
2719,HUSKY
2720,K9
2721,K-9
2722,MASTIFF
2723,MUTT
2724,PITBULL
2725,PROGLIDE
2726,PROSPORT
2727,RIDGEBACK
2728,VINTAGE
2729,WOLF
2732,228
2733,428
2734,435
2735,228I
2736,ACTIVEHYBRID 5
2737,C600
2738,C650
2739,F1200
2740,F650
2741,F700
2742,F800
2743,G450
2744,G650
2745,HP4
2746,I3
2747,I8
2748,K1
2749,K100
2750,K1100
2751,K1200
2752,K1300
2753,K1600
2754,K75
2755,M235I
2756,M235XI
2757,M4
2758,R NINE T
2759,R100
2760,R1100
2761,R1150
2762,R1200
2763,R65
2764,R650
2765,R80
2766,R850
2767,R900
2768,S 1000
2769,X4
2770,1125
2771,BLAST
2772,CYCLONE
2773,FIREBOLT
2774,LIGHTNING
2775,RS SERIES
2776,THUNDERBOLT
2777,ULYSSES
2778,WHITE LIGHTNING
2779,XB12SCG
2780,XB9SX
2781,FALCON 45
2782,195
2783,ELR
2784,CAGIVA
2785,F4
2786,TE E
2787,WXC
2788,COMMANDER
2789,COMMANDER MAX
2790,DS
2791,MAVERICK
2792,MAVERICK MAX
2793,OUTLANDER
2794,OUTLANDER MAX
2795,RENEGADE
2796,SPYDER ROADSTER
2797,PHETT
2798,TJ5000
2799,TJ6500T
2800,TJ7000
2801,TJ9000
2802,CT660
2803,7000
2804,B7T042
2805,C4500
2806,C5000
2807,C5500
2808,C6000
2809,C65
2810,C6500
2811,C7500
2812,C8500
2813,CAPRICE / IMPALA
2814,CITY EXPRESS
2815,CUTAWAY VAN
2816,EXPRESS CUTAWAY
2817,EXPRESS G1500
2818,EXPRESS G2500
2819,EXPRESS G3500
2820,EXPRESS G4500
2821,EXPRESS VAN
2824,G10
2825,G20
2826,G30
2827,GMT-400
2828,G-P
2829,HI-CUBE VAN
2830,IMPALA LIMITED
2831,ME6000
2832,ME6500
2833,P20
2834,P30
2835,PS4500
2836,PS6500
2837,S6000
2838,SPARK EV
2839,TILT MASTER W35042
2840,TILT MASTER W4S042
2841,TILT MASTER W4T042
2842,TILT MASTER W5R042
2843,TILT MASTER W5S042
2844,TILT MASTER W5T042
2845,TILT MASTER W6R042
2846,TILT MASTER W7R042
2847,TILT MASTER W7R042HV
2848,T-SERIES
2849,VAN
2853,AFFINITY
2854,ALLURE
2855,INSPIRE
2856,INTRIGUE
2857,ISLANDER
2858,LEXA
2859,LTC CHASSIS
2860,MAGNA
2861,TRIBUTE
2862,CITY HOP
2863,GTR
2864,OLIVER CITY
2865,STYLE
2866,VEER
2867,CHASSIS
2868,SCHOOL BUS
2869,ROCKY
2870,ATLANTIS 50
2871,BOULEVARD 151
2872,258
2873,RAM 4500
2874,RAM 5500
2875,RD200 / RD250
2876,620
2877,650
2878,748
2879,749
2880,750
2881,848
2882,851
2883,888
2884,900
2885,906
2886,907
2887,916
2888,996
2889,999
2890,1098
2891,1198
2892,DESMOSEDICI RR
2893,DIAVEL
2894,E900
2895,HYPERMOTARD
2896,M600
2897,M750
2898,M900
2899,MONSTER
2900,MULTISTRADA
2901,SPORTCLASSIC
2902,ST2
2903,ST3
2904,ST4
2905,STREETFIGHTER
2906,SUPERBIKE
2907,SUPERSPORT
2908,DUPLEX
2909,AXESS
2910,ESCORT
2911,E-Z RIDER
2912,E-Z RIDER II
2913,TRANSMARK
2914,TRANSMARK XHF
2915,CLASSIC
2916,SPORT
2917,BEAMER
2918,BEAMER II
2919,BEAMER III
2920,BEAMER MATRIX
2921,BEAMER MATRIX II
2922,BEAMER R2
2923,BEAMER R4
2924,LIGHTNING
2925,MATRIX 50
2926,MATRIX R4-150
2927,RASCAL
2928,ROVER
2929,ROVER GT
2930,SIERRA
2931,SIERRA UTILITY
2932,THUNDER
2933,TXL-50
2934,TXL-90
2936,VECTOR 250
2937,VIPER 150R
2938,VIPER 40E
2939,VIPER 50
2940,VIPER 50M
2941,VIPER 70
2942,VIPER 70-4S
2943,VIPER 70M
2944,VIPER 90
2945,VIPER 90-4S
2946,VIPER 90R
2947,VIPER JR
2948,YUKON
2949,YUKON II
2950,417
2951,458 ITALIA
2952,458 SPECIALE
2953,458 SPIDER
2954,512TR / F512M
2955,LAFERRARI
2956,500
2961,500L
2966,CL-SERIES
2967,C-SERIES
2968,F-150 HERITAGE
2969,F53
2970,F530
2971,F59
2972,F590
2973,F600
2974,F6000
2975,F650
2976,F700
2977,F7000
2978,F750
2979,F800
2980,F8000
2981,FT800
2982,FT8000
2983,FT900
2984,H-SERIES
2985,LOW CAB FORWARD
2986,LOW TILT CARGO
2987,L-SERIES
2988,N-SERIES
2989,P600
2990,P800F
2991,TAURUS X
2992,TRANSIT
2993,108SD
2994,114SD
2995,ARGOSY
2996,CASCADIA 113
2997,CASCADIA 125
2998,CHASSIS
2999,COE
3000,COLUMBIA
3001,CONVENTIONAL
3002,HC CARGO
3003,LEGACY
3004,M2
3005,MEDIUM CONVENTIONAL
3006,RIV
3007,SPORT CHASSIS
3008,358
3009,SPRINTER
3010,AMERICA
3011,BXU
3012,CB
3013,CRANE CARRIER
3014,FD
3015,RB
3016,GENESIS
3019,BLUR
3020,BUDDY
3021,RATTLER
3022,ROUGHHOUSE
3023,STELLA
3025,2WM
3026,C116
3027,INCOMPLETE MOTORHOME CHASSIS
3028,SCHOOL BUS
3029,SHUTTLE BUS
3030,SUBURBAN BUS
3031,TRANSIT BUS
3032,E4 S
3033,E6 S
3034,EL XD
3035,EM 1400/1400 LSV
3036,4000
3037,5000
3038,5500
3039,6000
3040,7000
3041,B7T042
3042,B-SERIES
3043,C4500
3044,C5000
3045,C5500
3046,C6000
3047,C6400
3048,C6500
3049,C7000
3050,C7500
3051,C8500
3052,CUTAWAY VAN
3053,D9500
3054,F9500
3055,FORWARD CONTROL CHASSIS
3056,GLIDER KIT
3057,GMT-400
3058,G-P
3059,H7500
3060,H9500
3061,HI-CUBE VAN
3062,J7500
3063,J9500
3064,M9500
3065,ME6000
3066,ME6500
3067,MOTOR HOME CHASSIS
3068,N9500
3069,NEW SIERRA
3070,P6S042
3071,PS4500
3072,PS6500
3073,R15 CONVENTIONAL
3077,R25 CONVENTIONAL
3078,S6000
3079,SEO
3080,SIERRA
3089,T-SERIES
3090,W3500
3091,W4500
3092,WT5
3093,YUKON XL
3094,FLD
3095,FLH80
3096,FLHP
3097,FLHPE
3098,FLHPEI
3099,FLHPI
3100,FLHR
3101,FLHR/I
3102,FLHRC
3103,FLHRCI
3104,FLHRI
3105,FLHRS
3106,FLHRSE3
3107,FLHRSE4
3108,FLHRSEI
3109,FLHRSEI1
3110,FLHRSI
3111,FLHS
3112,FLHT
3113,FLHTC
3114,FLHTC/I
3115,FLHTCI
3116,FLHTCSE
3117,FLHTCSE2
3118,FLHTCU
3119,FLHTCU/I
3120,FLHTCUI
3121,FLHTCUL
3122,FLHTCUSE
3123,FLHTCUSE3
3124,FLHTCUSE4
3125,FLHTCUSE5
3126,FLHTCUSE6
3127,FLHTCUSE7
3128,FLHTCUTG
3129,FLHTI
3130,FLHTK
3131,FLHTKL
3132,FLHTKSE
3133,FLHTNSE
3134,FLHTP
3135,FLHTPI
3136,FLHX
3137,FLHXI
3138,FLHXS
3139,FLHXSE
3140,FLHXSE2
3141,FLHXSE3
3142,FLHXXX
3143,FLRT
3144,FLS
3145,FLST
3146,FLSTC
3147,FLSTCI
3148,FLSTF
3149,FLSTFB
3150,FLSTFI
3151,FLSTFSE
3152,FLSTI
3153,FLSTN
3154,FLSTNI
3155,FLSTS
3156,FLSTSB
3157,FLSTSC
3158,FLSTSE
3159,FLSTSE2
3160,FLSTSE3
3161,FLSTSI
3162,FLT
3163,FLTC
3164,FLTCUI
3165,FLTR
3166,FLTRI
3167,FLTRSE3
3168,FLTRSEI
3169,FLTRSEI2
3170,FLTRU
3171,FLTRUSE
3172,FLTRX
3173,FLTRXS
3174,FLTRXSE
3175,FXB
3176,FXCW
3177,FXCWC
3178,FXD
3179,FXDB
3180,FXDBI
3181,FXDBP
3182,FXDC
3183,FXDCI
3184,FXDF
3185,FXDF2
3186,FXDFSE
3187,FXDFSE-2
3188,FXDG
3189,FXDI
3190,FXDI35
3191,FXDL
3192,FXDLI
3193,FXDP
3194,FXDS
3195,FXDSE
3196,FXDSE2
3197,FXDWG
3198,FXDWG2
3199,FXDWG3
3200,FXDWGI
3201,FXDX
3202,FXDXI
3203,FXDXT
3204,FXE
3205,FXEF
3206,FXLR
3207,FXR
3208,FXR2
3209,FXR3
3210,FXR4
3211,FXRC
3212,FXRD
3213,FXRDG
3214,FXRP
3215,FXRP-F
3216,FXRP-W
3217,FXRS
3218,FXRT
3219,FXS
3220,FXSB
3221,FXSBSE
3222,FXST
3223,FXSTB
3224,FXSTBI
3225,FXSTC
3226,FXSTD
3227,FXSTDI
3228,FXSTDSE
3229,FXSTDSE2
3230,FXSTI
3231,FXSTS
3232,FXSTSB
3233,FXSTSI
3234,FXSTSSE2
3235,FXSTSSE3
3236,FXWG
3237,FXWG-CA
3238,MT500
3239,VRSCA
3240,VRSCAW
3241,VRSCAWA
3242,VRSCB
3243,VRSCD
3244,VRSCDA
3245,VRSCDX
3246,VRSCDXA
3247,VRSCF
3248,VRSCR
3249,VRSCSE
3250,VRSCX
3251,VRSCXA
3252,XG500
3253,XG750
3254,XL1200
3255,XL883
3256,XLH
3257,XLH1100
3258,XLH1200
3259,XLH883
3260,XLS
3261,XLX
3262,XR100
3263,XR1200
3264,SF
3265,BULLET
3266,BUS
3267,CRANE/DRILL RIG
3268,DOCKMASTER
3269,FIRETRUCK
3270,GLIDER
3271,H
3272,TRUCK
3273,VT-100
3274,198/258/268
3275,238/258
3276,258/268
3277,308/338
3278,338/358
3279,FA
3280,FB
3281,FD
3282,FE
3283,FF
3284,FG
3285,GC
3286,HINO 145
3287,HINO 165
3288,HINO 185
3289,HINO 238
3290,HINO 268
3291,HINO 308
3292,HINO 338
3293,SG
3294,ACCORD CROSSTOUR
3295,ATC110
3296,ATC125
3297,ATC185
3298,ATC200
3299,ATC250
3300,ATC350
3301,ATC70
3302,C70
3303,CB1000
3304,CB1100
3305,CB125
3306,CB250
3307,CB300
3308,CB400
3309,CB450
3310,CB500
3311,CB550
3312,CB559
3313,CB600
3314,CB650
3315,CB700
3316,CB750
3317,CB900
3318,CBR1000
3319,CBR1100
3320,CBR250
3321,CBR300
3322,CBR500
3323,CBR600
3324,CBR650
3325,CBR900
3326,CBR929
3327,CBX
3328,CBX250
3329,CBX550
3330,CH125
3331,CH150
3332,CH250
3333,CH50
3334,CH80
3335,CHF50
3336,CM200
3337,CM250
3338,CM400
3339,CM450
3340,CMX250
3341,CMX450
3342,CN250
3343,CR125
3344,CR250
3345,CR450
3346,CR480
3347,CR500
3348,CR60
3349,CR80
3350,CR85
3351,CRF100
3352,CRF110
3353,CRF125
3354,CRF150
3355,CRF230
3356,CRF250
3357,CRF450
3358,CRF50
3359,CRF70
3360,CRF80
3361,CT110
3362,CT1100
3363,CT70
3364,CTX1300
3365,CTX700
3366,CX500
3367,CX650
3368,EZ90
3369,FCX CLARITY
3370,FIT EV
3371,FL250
3372,FL350
3373,FL400
3374,FSC600
3375,FT500
3376,GB500
3377,GL1100
3378,GL12
3379,GL1200
3380,GL1500
3381,GL1800
3382,GL500
3383,GL650
3384,GROM
3385,MB50
3386,MRT260E
3387,MUV700
3388,NA50
3389,NB50
3390,NC50
3391,NC700JD
3392,NC700X
3393,NC750SA
3394,NCH50
3395,NH125
3396,NH80
3397,NHX110
3398,NN50
3399,NPS50
3400,NQ50
3401,NRX1800
3402,NS400
3403,NS50
3404,NSA700
3405,NSF250R
3406,NSS250
3407,NSS300
3408,NT650
3409,NT700
3410,NU50
3411,NX125
3412,NX250
3413,NX50
3414,NX650
3415,PA50
3416,PC800
3417,PCX
3418,PS250
3419,QR50
3420,RVF750
3421,RVT1000
3422,SA50
3423,SA50 - SB50P
3424,SB50
3425,SE50
3426,SH150
3427,ST1100
3428,ST1300
3429,SXS
3430,TG50
3431,TLR200
3432,TR200
3433,TRX 700
3434,TRX125
3435,TRX200
3436,TRX250
3437,TRX300
3438,TRX350
3439,TRX400
3440,TRX420
3441,TRX450
3442,TRX50
3443,TRX500
3444,TRX650
3445,TRX680
3446,TRX70
3447,TRX90
3448,VF1000
3449,VF1100
3450,VF500
3451,VF700
3452,VF750
3453,VFR1200
3454,VFR700
3455,VFR750
3456,VFR800
3457,VT1100
3458,VT1300
3459,VT500
3460,VT600
3461,VT700
3462,VT750
3463,VT800
3464,VTR1000
3465,VTR250
3466,VTX1300
3467,VTX1800
3468,WW150
3469,XL100
3470,XL125
3471,XL185
3472,XL200
3473,XL250
3474,XL350
3475,XL500
3476,XL600
3477,XL80
3478,XR100
3479,XR200
3480,XR250
3481,XR350
3482,XR400
3483,XR50
3484,XR500
3485,XR600
3486,XR650
3487,XR70
3488,XR80
3489,Z50
3490,ZA50
3491,ZB50
3492,H1 ALPHA
3493,H2 SUT
3494,350
3495,499
3496,501
3497,600
3498,FC400
3499,FC450
3500,FC501
3501,FC600
3502,FE250
3503,FE350
3504,FE390
3505,FE400
3506,FE450
3507,FE450 / FS450
3508,FE450/FX450
3509,FE501
3510,FE550
3511,FE570
3512,FE600
3513,FE650
3514,FS450
3515,FS600
3516,FS650
3517,FX400
3518,FX600
3519,FX650
3520,TE250
3521,TE300
3522,125
3523,250
3524,260
3525,350
3526,360
3527,510
3528,610
3529,CR
3530,FC250
3531,FC450
3532,FE250
3533,FE350
3534,FE501
3535,SM
3536,SMR
3537,SMS
3538,TC
3539,TC125
3540,TC250
3541,TC85
3542,TE
3543,TE250
3544,TE300
3545,TR650
3546,TXC
3547,WR
3548,GT250
3549,GT650
3550,GV250
3551,GV650
3552,MS3-250
3553,SD50
3554,SF50
3555,ST7
3556,TE-450
3557,150
3558,230
3559,260
3560,ELANTRA COUPE
3561,ELANTRA GT
3562,ELANTRA TOURING
3563,GENESIS COUPE
3564,SANTA FE SPORT
3565,XG
3568,1000
3569,3000
3570,CENTENNIAL
3571,CHIEF
3572,CHIEFTAIN
3573,SCOUT
3574,SPORT CHIEF
3575,GLIDER
3576,Q40
3577,Q70
3578,Q70L
3579,QX60
3580,QX80
3581,700
3582,900
3583,1000
3584,2000
3585,3000
3586,4000
3587,5500
3588,5600
3589,5900
3590,7000
3591,8000
3592,8300
3593,9000
3594,9100
3595,9200
3596,9300
3597,9370
3598,9400
3599,9600
3600,9670
3601,9900
3602,CARGOSTAR
3603,CF
3604,CO 9600
3605,CO 9670
3606,CO 9700
3607,CO-LFE
3608,CO-PAYSTAR
3609,CO-TRANSTAR
3610,LONESTAR
3611,METRO II
3612,PAYSTAR
3613,PROSTAR
3614,PROSTAR LMTD
3615,PROSTAR PREMIUM
3616,S-SERIES
3617,S-SERIES RHD
3618,TERRASTAR
3619,K900
3620,TRANSTAR
3621,X-CO MDLS
3622,X-CON
3623,XT SERIES
3624,FRR
3625,FSR
3626,FTR
3627,FTR / FVR
3628,FTR / FVR / EVR
3629,FVR / EVR
3630,HTR
3631,HVR
3632,HXR
3633,I-290
3634,KS22
3635,LT
3636,MR
3637,NPR
3638,NQR
3639,NRR
3640,T6F042-FTR
3641,T7F042-FVR
3642,T8F042-FXR
3643,T8F064-FXR
3644,EURO
3645,Z100
3646,Z110
3647,Z120
3648,Z220
3649,Z230
3650,Z340
3651,Z450
3652,MAGIRUS
3653,JEEP
3654,JEEP TRUCK
3659,SCRAMBLER
3660,WRANGLER / TJ
3661,WRANGLER / YJ
3662,WRANGLER UNLIMITED
3663,COMMERCIAL
3664,TYPE A
3665,CYT 30
3666,CYT 50
3667,CYT 60T
3668,OTTAWA 4X2
3669,OTTAWA 6X4
3670,1600
3671,AR50
3672,AR80
3673,BN125
3674,EJ650
3675,EL250
3676,EL650
3677,EN450
3678,EN500
3679,ER650
3680,EX250
3681,EX300
3682,EX305
3683,EX500
3684,EX650
3685,KAF300
3686,KAF400
3687,KAF550
3688,KAF620
3689,KAF820
3690,KAF920
3691,KAF950
3692,KD80
3693,KDX175
3694,KDX200
3695,KDX220
3696,KDX250
3697,KDX420
3698,KDX450
3699,KDX50
3700,KDX80
3701,KE100
3702,KE125
3703,KE175
3704,KEF300
3705,KL250
3706,KL600
3707,KL650
3708,KLE650
3709,KLF110
3710,KLF185
3711,KLF220
3712,KLF250
3713,KLF300
3714,KLF400
3715,KLT110
3716,KLT160
3717,KLT185
3718,KLT200
3719,KLT250
3720,KLX110
3721,KLX125
3722,KLX140
3723,KLX250
3724,KLX300
3725,KLX400
3726,KLX450
3727,KLX650
3728,KM100
3729,KRF-750
3730,KRF800
3731,KRT750
3732,KRT800
3733,KSF250
3734,KSF400
3735,KSF450
3736,KSF50
3737,KSF80
3738,KSF90
3739,KSV700
3740,KVF300
3741,KVF360
3742,KVF400
3743,KVF650
3744,KVF700
3745,KVF750
3746,KVS700
3747,KX100
3748,KX125
3749,KX250
3750,KX420
3751,KX450
3752,KX500
3753,KX60
3754,KX65
3755,KX80
3756,KX85
3757,KXF250
3758,KXT250
3759,KZ1000
3760,KZ1100
3761,KZ1300
3762,KZ250
3763,KZ305
3764,KZ440
3765,KZ550
3766,KZ650
3767,KZ700
3768,KZ750
3769,LE650
3770,NINJA ZX
3771,VF700
3772,VN1500
3773,VN1600
3774,VN1700
3775,VN2000
3776,VN700
3777,VN750
3778,VN800
3779,VN900
3780,VULCAN 2000
3781,ZG1000
3782,ZG1200
3783,ZG1400
3784,ZL1000
3785,ZL600
3786,ZL900
3787,ZN1100
3788,ZN1300
3789,ZN700
3790,ZN750
3791,ZR1000
3792,ZR1100
3793,ZR1200
3794,ZR550
3795,ZR750
3796,ZX1000
3797,ZX1100
3798,ZX1200
3799,ZX1400
3800,ZX550
3801,ZX600
3802,ZX636
3803,ZX750
3804,ZX900
3805,COE
3806,CONSTRUCTION
3807,EXPORT
3808,K260/K360
3809,K270/K370
3810,OFF HIGHWAY
3811,NEW SPORTAGE
3812,SOUL EV
3813,50
3814,85
3815,105
3816,125
3817,150
3818,200
3819,250
3820,300
3821,350
3822,360
3823,380
3824,400
3825,450
3826,500
3827,505
3828,520
3829,525
3830,530
3831,560
3832,620
3833,625
3834,640
3835,690
3836,950
3837,990
3838,1190
3839,1290
3840,125 / 200
3841,125/150
3842,50 / 65
3843,65/85
3844,DESERT
3845,ENDURO
3846,MOTOCROSS
3847,ROAD
3848,TRIAL
3849,AGILITY
3850,BET & WIN
3851,COMPAGNO
3852,DOWNTOWN
3853,FLAT BED
3854,GRAND VISTA
3855,KYMCO ATV
3856,LIKE
3857,MONGOOSE
3858,MONGOOSE/MXU
3859,MOVIE
3860,MXER
3861,MXU
3862,PEOPLE
3863,QUANNON
3864,RED STICKER ATV
3865,SENTO
3866,SPORTY ATV
3867,SPORTY UTILITY ATV
3868,STING 50
3869,SUPER 8
3870,SUPER 9
3871,SUPER 9 50
3872,UTILITY ATV
3873,UXV
3874,VENOX
3875,VITALITY
3876,XCITING
3877,YAGER
3878,ZX50
3879,HURACAN
3880,VENENO
3882,RANGE ROVER EVOQUE
3883,GS GENERATION 2006
3884,NX
3886,MKC
3887,BRUTALE
3888,MV AGUSTA SM
3889,MV AGUSTA TE
3890,MV AGUSTA/B3
3891,MV AGUSTA/B5
3892,MV AGUSTA/F3
3893,MV AGUSTA/F5
3894,MV AGUSTA/F6
3895,MV AGUSTA/S3
3897,200
3898,250
3899,300
3900,400
3901,500
3902,600
3903,700
3904,800
3905,SAVAGE
3906,TR20
3907,TR40
3909,CAB OVER ENGINE
3910,CCV
3911,CONVENTIONAL
3912,CONVENTIONAL HEAVY DUTY
3913,CONVENTIONAL LIGHTWEIGHT
3914,GLIDER
3915,228
3916,COUPE
3917,3
3921,SPEED
3928,650S
3929,P1
3930,300
3933,380
3936,B250
3937,C GENERATION 2006
3938,CLK
3941,E
3946,ML
3950,SL
3954,SPRINTER
3955,HD
3956,COOPER COUPE
3957,COOPER ROADSTER
3958,MIGHTY MAX / S
3959,MPV
3960,S
3961,SPX
3962,FE
3964,FG
3966,FH
3968,FK
3970,FM
3972,1000
3973,BREVA
3976,CALIFORNIA
3980,DAYTONA
3981,GRISO
3982,V11
3983,COUNTRY
3984,SKORPION
3985,TOUR
3986,NV
3987,NV200
3988,ROGUE SELECT
3989,TRUCK
3996,VERSA NOTE
3997,CLA83
3998,CMA83
3999,CPB12
4000,CPC12
4001,UD1000
4002,UD1200
4003,UD1300
4004,UD1400
4005,UD1800
4006,UD2000
4007,UD2300
4008,UD2600
4009,UD2800
4010,UD3000
4011,UD3300
4012,UD550
4013,UD600
4014,ORION I
4015,ORION II
4016,ORION V
4017,ORION II
4018,ORION V
4019,ORION VI
4020,ORION VII
4021,CHASSIS
4022,CONVENTIONAL
4023,FORWARD MOUNTED
4024,JOHN DEERE
4025,LOW TILT
4026,S SERIES
4027,SHUTTLE BUS
4029,RV
4030,FIRE CAB CHASSIS
4031,ROGUE
4032,YT
4033,200
4034,210
4035,220
4036,270
4037,310
4038,320
4039,325
4040,330
4041,335
4042,337
4043,340
4044,348
4045,349
4046,352
4047,353
4048,357
4049,359
4050,362
4051,365
4052,367
4053,372
4054,375
4055,376
4056,377
4057,378
4058,379
4059,382
4060,384
4061,385
4062,386
4063,387
4064,388
4065,389
4066,397
4067,567
4068,579
4069,587
4070,BV
4071,FLY
4072,LT
4073,MP3
4074,TYPHOON
4075,X9 EVOLUTION
4076,BIG BOSS
4077,BRUTUS
4078,DIESEL
4079,GEN
4080,HAWKEYE
4081,MAGNUM
4082,OUTLAW
4083,PHOENIX
4084,PREDATOR
4085,RANGER
4086,SAWTOOTH
4087,SCRAMBLER
4088,SPORT
4089,SPORTSMAN
4090,TRAIL BLAZER
4091,TRAIL BOSS
4092,X2
4093,XPEDITION
4094,XPLORER
4095,XPRESS
4096,MONTANA / TRANS SPORT
4097,918
4098,911 NEW GENERATION
4099,MACAN
4100,1500
4101,2500
4102,3500
4103,4500
4104,5500
4105,PROMASTER 1500
4106,PROMASTER 2500
4107,PROMASTER 3500
4108,TRADESMAN
4109,AE-STACKED RAIL
4110,DYANASTER
4111,EXECUTIVE SIGNATURE
4112,LF4F
4113,MAGNUM B-SERIES
4114,MAGNUM C-SERIES
4115,MAGNUM M-SERIES
4116,MAGNUM S-SERIES
4117,MONOCOQUE
4118,MOTORHOME CHASSIS
4119,M-SERIES
4120,RAISED RAIL
4121,STRAIGHT RAIL
4122,SILVER DAWN
4123,SILVER SERAPH
4124,SILVER SPIRIT
4125,SILVER SPUR
4126,WRAITH
4127,CONCRETE VEHICLE
4128,COE HIGH
4129,COE LOW
4130,CONVENTIONAL
4131,SEAGRAVE
4132,D100 SC
4133,D120 SC
4134,D75 SC
4136,DIAMOND
4137,FURION
4138,SCHOOL BUS
4139,SHUTTLE BUS
4140,2500 SPRINTER
4141,3500 SPRINTER
4142,A
4143,ACTERRA
4144,AT
4145,BULLET
4146,CONDOR
4147,L
4148,LC
4149,LT
4150,M
4151,MITSUBISHI CHASSIS COE
4152,SC
4153,SPORT CHASSIS
4154,ST
4156,WRX
4157,XT6
4158,ALT125
4159,ALT185
4160,ALT50
4161,AN400
4162,AN650
4163,C50
4164,C90
4165,DL100
4166,DL1000
4167,DL650
4168,DR100
4169,DR125
4170,DR200
4171,DR250
4172,DR350
4173,DR500
4174,DR600
4175,DR650
4176,DR750
4177,DR-Z110
4178,DR-Z125
4179,DR-Z250
4180,DR-Z400
4181,DR-Z70
4182,DS100
4183,DS125
4184,DS185
4185,DS250
4186,DS50
4187,DS80
4188,FA50
4189,FS50
4190,FZ50
4191,GN125
4192,GN250
4193,GN400
4194,GR650
4195,GS1000
4196,GS1100
4197,GS1150
4198,GS250
4199,GS300
4200,GS400
4201,GS450
4202,GS500
4203,GS550
4204,GS650
4205,GS700
4206,GS750
4207,GS850
4208,GSF1200
4209,GSF1250
4210,GSF400
4211,GSF600
4212,GSF650
4213,GSX
4214,GSX1100
4215,GSX1250
4216,GSX1300
4217,GSX600
4218,GSX650
4219,GSX750
4220,GSX-R1000
4221,GSX-R1100
4222,GSX-R600
4223,GSX-R750
4224,GV1200
4225,GV1400
4226,GV700
4227,GW250
4228,GZ250
4229,JR50
4230,JR80
4231,LS650
4232,LT
4233,LT125
4234,LT160
4235,LT185
4236,LT230
4237,LT250
4238,LT300
4239,LT50
4240,LT500
4241,LT80
4242,LT-A400
4243,LT-A450
4244,LT-A50
4245,LT-A500
4246,LT-A700
4247,LT-A750
4248,LTF
4249,LT-F160
4250,LTF230
4251,LTF250
4252,LTF300
4253,LTF4
4254,LTF400
4255,LTF500
4256,LT-R450
4257,LT-V700
4258,LT-Z250
4259,LT-Z400
4260,LT-Z50
4261,LT-Z90
4262,M109R / VZR1800
4263,M50
4264,PE175
4265,PE250
4266,PE400
4267,QUV620
4268,RB50
4269,RF600
4270,RFR900
4271,RG250
4272,RG500
4273,RM100
4274,RM125
4275,RM2450
4276,RM250
4277,RM465
4278,RM500
4279,RM60
4280,RM65
4281,RM80
4282,RM85
4283,RMX250
4284,RMX450Z
4285,RM-Z250
4286,RM-Z450
4287,RS175
4288,RS250
4289,SFV650
4290,SP100
4291,SP125
4292,SP200
4293,SP250
4294,SP500
4295,SP600
4296,SV1000
4297,SV650
4298,TL1000
4299,TS100
4300,TS125
4301,TS185
4302,TS250
4303,TU250
4304,UH200
4305,VL1500
4306,VL800
4307,VLR1800
4308,VS1400
4309,VS700
4310,VS750
4311,VS800
4312,VX800
4313,VZ1500
4314,VZ1600
4315,VZ800
4316,VZR1800
4317,XN85
4318,CITYCOM
4319,FIDDLE II
4321,WOLF
4322,SCHOOL BUS
4323,TRANSIT BUS
4324,CAMRY NEW GENERATION
4325,PICKUP / CAB CHASSIS
4326,PICKUP COMMERCIAL / CAMPER
4327,PRIUS C
4328,PRIUS PLUG-IN
4329,PRIUS V
4330,RAV4 EV
4331,SCION
4332,9623
4333,102A3
4334,102C3
4335,96A3
4336,MC-9
4337,T-30
4338,T70206
4339,T706
4340,T70608
4341,T802
4342,T806
4345,SPITFIRE
4346,TR6
4347,ADVENTURER
4348,AMERICA
4349,BONNEVILLE
4350,DAYTONA
4351,LEGEND TT
4352,ROCKET III
4353,SCRAMBLER
4354,SPEED
4355,SPEED TRIPLE
4356,SPEEDMASTER
4357,SPRINT
4358,STREET TRIPLE
4359,SUPER III
4360,T100
4361,T509
4362,T595
4363,THRUXTON
4364,THUNDERBIRD
4365,TIGER
4366,TRIDENT
4367,TROPHY
4368,TT600
4370,3350
4371,3900
4372,STEP VAN
4373,C2045
4374,T2100
4375,T800
4376,T809
4377,T815
4378,T900
4379,TD925
4380,TOURIST COACH TX
4381,TRANSIT BUS
4382,C161C
4383,GRANTURISMO
4384,GTS
4385,LX
4386,M198F
4387,PX
4388,ANESS
4389,BOARDWALK
4390,CNESS
4391,CROSS COUNTRY
4392,CROSS ROADS
4393,DELUXE TOURING
4394,GUNNER
4395,HAMMER
4396,HARD-BALL
4397,HIGH-BALL
4398,JACKPOT
4399,JUDGE
4400,KINGPIN
4401,NESS
4402,TOURING
4403,V92
4404,VEGAS
4405,VISION
4406,VX
4407,ZNESS
4408,GOLF R
4409,TOUAREG 2
4410,9700
4411,740 / 760
4412,745 / 765
4413,ACL
4414,AERO
4415,CONVENTIONAL
4416,F600
4417,F700
4418,FE
4419,FE6
4420,FE7
4421,HIGH COE
4422,N10
4423,N12
4424,V60
4425,VA
4426,VHD
4427,VN
4428,VT
4429,XPEDITOR
4430,ALPINE
4431,CONVENTIONAL
4432,HIGH COE
4434,AERO
4435,CONVENTIONAL
4436,HIGH COE
4437,INTEGRAL
4438,LOW COE
4439,ROAD BOSS
4440,ROAD COMMANDER
4441,ROAD XPEDITOR
4442,XPEDITOR
4443,ACL
4444,ACM
4445,AERO
4446,BRIGADIER
4447,CONVENTIONAL
4448,HIGH COE
4449,INTEGRAL
4450,LOW COE
4451,XPEDITOR
4452,CLASS A
4453,LE SHARO/PHASAR
4454,RIALTA
4455,WALK-IN VAN
4457,BUS CHASSIS
4458,COMMERCIAL CHASSIS
4459,FORWARD CONTROL CHASSIS
4460,MOTORHOME CHASSIS
4461,R26 - UFO
4462,STEP VAN
4463,BW200
4464,BW350
4465,BW80
4466,CA50
4467,CE11
4468,CE12
4469,CE14
4470,CE50
4471,CG19
4472,CG50
4473,CP250
4474,CV50
4475,CV80
4476,CW50
4477,CX50
4478,CY50
4479,DT100
4480,DT125
4481,DT175
4482,DT200
4483,DT50
4484,DT80
4485,FJ1100
4486,FJ1200
4487,FJ600
4488,FJR1300
4489,FZ07
4490,FZ09
4491,FZ1
4492,FZ6
4493,FZ600
4494,FZ700
4495,FZ750
4496,FZ8
4497,FZR1000
4498,FZR400
4499,FZR600
4500,FZR750
4501,FZS10
4502,FZX700
4503,FZX750
4504,GTS1000
4505,IT200
4506,IT250
4507,IT490
4508,LB50
4509,LC50
4510,MJ50
4511,MT-01
4512,PRO HAULER
4513,PW50
4514,PW501
4515,PW80
4516,PW801
4517,QT50
4518,RT100
4519,RT180
4520,RX50
4521,RZ350
4522,RZ500
4523,SH50
4524,SR185
4525,SR250
4526,SR400
4527,SR400C
4528,SR500
4529,SRX250
4530,SRX600
4531,TDM850
4532,TT225
4533,TT250
4534,TT350
4535,TT600
4536,TT-R110E
4537,TTR125
4538,TTR225
4539,TTR230
4540,TT-R230
4541,TTR50
4542,TTR90
4543,TW200
4544,TY350
4545,TZ250
4546,TZR250
4547,VMX12
4548,VMX17
4549,VP11
4550,WR200
4551,WR250
4552,WR400
4553,WR426
4554,WR450
4555,WR500
4556,XC125
4557,XC180
4558,XC200
4559,XC50
4560,XF50
4561,XJ1100
4562,XJ550
4563,XJ600
4564,XJ650
4565,XJ700
4566,XJ750
4567,XJ900
4568,XP500
4569,XS1100
4570,XS400
4571,XS650
4572,XS850
4573,XT1200Z
4574,XT1200ZC
4575,XT125
4576,XT200
4577,XT225
4578,XT250
4579,XT350
4580,XT500
4581,XT550
4582,XT600
4583,XV1000
4584,XV1100
4585,XV16
4586,XV1600
4587,XV1700
4588,XV1900
4589,XV250
4590,XV500
4591,XV535
4592,XV700
4593,XV750
4594,XV7501
4595,XV920
4596,XVS1100
4597,XVS1300
4598,XVS65
4599,XVS650
4600,XVS950
4601,XVZ12
4602,XVZ13
4603,XZ550
4604,YF60
4605,YFA1
4606,YFB250
4607,YFM100
4608,YFM125
4609,YFM200
4610,YFM225
4611,YFM25
4612,YFM250
4613,YFM300
4614,YFM350
4615,YFM4
4616,YFM40
4617,YFM400
4618,YFM45
4619,YFM450
4620,YFM50
4621,YFM550
4622,YFM660
4623,YFM700
4624,YFM80
4625,YFM90
4626,YFP350
4627,YFS200
4628,YFU1
4629,YFZ350
4630,YFZ450
4631,YJ125
4632,YJ50
4633,YP400
4634,YSR50
4635,YT125
4636,YT60
4637,YTM200
4638,YTM225
4639,YTZ250
4640,YW125
4641,YW50
4642,YX600
4643,YXM700
4644,YXR450
4645,YXR660
4646,YXR700
4647,YZ100
4648,YZ125
4649,YZ1251
4650,YZ250
4651,YZ2501
4652,YZ400
4653,YZ426
4654,YZ450
4655,YZ490
4656,YZ80
4657,YZ801
4658,YZ85
4659,YZF1000
4660,YZF600
4661,YZF750
4662,YZFR1
4663,YZFR6
4664,MD150T
4665,MD250T
4666,MD50QT
4668,DIRT
4669,DS
4670,FX
4671,MXD
4672,S
4673,SR
4674,STREET
4676,X
4677,XD
4678,XU
4679,ZS125
4680,ZS125ST
4681,ZS150
4682,ZS200GY-A
4683,ZS250
4684,ZS250-5
4686,RENEGADE
4688,8C COMPETIZIONE
4689,GIULIA
4690,STELVIO
4691,DB11
4692,ASUNA
4693,SUNRUNNER
4694,S3
4697,BENTAYGA
4698,340
4699,230I
4700,230XI
4701,330E
4702,430I
4703,430XI
4704,440I
4705,440XI
4706,530E
4707,530XE
4708,ALPINA B6
4709,C EVOLUTION
4710,G310
4711,M2
4712,M240I
4713,M240XI
4714,M550XI
4715,M760
4716,CASCADA
4717,ENVISION
4718,REGAL TOURX
4719,ATS-V
4720,CT6
4721,XT5
4722,GRAN CANYON
4723,DEFENDER
4724,DEFENDER MAX
4725,DEFENDER XT
4726,MAVERICK X3
4727,MAVERICK X3 MAX
4728,OUTLANDER 6X6
4729,OUTLANDER L
4730,OUTLANDER L MAX
4731,CT680
4732,CT681
4733,3500
4734,4500
4735,3500HD
4736,4500HD
4737,4500XD
4738,5500HD
4739,5500XD
4740,6500XD
4741,BOLT EV
4742,CRUZE LIMITED
4743,EQUINOX LIMITED
4744,MALIBU LIMITED
4746,COE2
4747,LDT2
4748,LET2
4749,LET2 CC
4751,SCRAMBLER
4752,SUPERLEGGERA
4753,XDIAVEL
4754,407
4756,CINDER
4757,COMM
4758,CUSTOM
4759,EMBER
4760,IGNITER
4761,INFERNO
4762,INTRUDER 2
4763,MVP
4764,ULTRA
4766,488 GTB
4767,488 SPIDER
4768,812 SUPERFAST
4769,CALIFORNIA T
4770,F12 BERLINETTA
4771,F12TDF
4772,F60 AMERICA
4773,GTC4 LUSSO
4774,124 SPIDER
4775,500X
4776,CASCADIA 116
4777,CASCADIA 126
4778,G80
4779,G90
4781,HOOLIGAN
4782,ACADIA LIMITED
4783,FLDE
4784,FLFB
4785,FLFBS
4786,FLHC
4787,FLHCS
4788,FLHRXS
4789,FLSB
4790,FLSL
4791,FLSS
4792,FLSTFBS
4793,FXBB
4794,FXBR
4795,FXBRS
4796,FXDLS
4797,FXFB
4798,FXFBS
4799,FXSE
4800,XG750A
4801,CLARITY
4802,CMX300
4803,CMX500
4804,COTA 300RR
4805,COTA 4RT260
4806,CRF1000
4807,HR-V
4808,MRT260
4809,NC700XD
4810,NC750JD
4811,NC750X
4812,NCW50
4813,RC1000VS
4814,SXS1000
4815,SXS500
4816,SXS700
4817,701ENDURO
4818,FC350
4819,FE450
4820,FX350
4821,FX450
4822,SUPERMOTO701
4823,TC50
4824,TE125
4825,TE150
4826,TX300
4827,GD250R
4828,IONIQ
4829,ROADMASTER
4830,SPIRIT
4831,SPRINGFIELD
4832,QX30
4833,HX515
4834,HX520
4835,HX615
4836,HX620
4837,LT625
4838,RH613
4839,NPR HD
4840,NPR XD
4841,F-PACE
4842,XE
4843,XJRL
4844,XJSC
4845,HEALEY
4846,INTERCEPTOR
4848,OTTAWA T2
4849,BR125
4850,EN650
4851,KAF1000
4852,KLE300
4853,KLZ1000A
4854,KX252
4855,LE300
4856,LZ1000
4857,ZR800
4858,ZR900
4859,T880
4860,NIRO
4861,KF3200C
4863,390
4864,1090
4865,FREERIDE
4866,RC 390
4867,RC 390 CUP
4868,K-PIPE
4869,MYROAD
4870,DISCOVERY SPORT
4871,RANGE ROVER VELAR
4872,GS-F
4873,LC
4874,LFA
4875,RC
4876,RC-F
4877,MV AGUSTA/F4
4878,MV AGUSTA/T3
4879,ANTHEM
4880,LEVANTE
4881,CX-3
4882,570GT
4883,570S
4884,675LT
4885,720S
4886,AMG GT
4887,GLC
4888,GLC COUPE
4889,GLE
4890,GLE COUPE
4891,GLS
4892,METRIS
4893,SLC
4894,RVR
4895,AUDACE
4896,ELDORADO
4897,MGX 21
4898,NEVADA
4899,V7
4900,V7 III
4901,V7 LL
4902,V9
4903,ADVANCED
4904,JETLINER
4905,SKYLINER
4906,SPACELINER
4907,MIDI
4908,XCELSIOR
4909,ROGUE SPORT
4910,TITAN XD
4911,520
4912,ACE
4913,GENERAL
4914,RZR
4915,SLINGSHOT
4917,PROMASTER CITY
4918,LECAR
4919,DAWN
4920,BULLET
4921,CONTINENTAL GT
4923,CITIGO
4924,FABIA III
4925,KODIAQ
4926,OCTAVIA III
4927,PRAKTIK
4928,RAPID
4929,ROOMSTER
4930,SUPERB III
4932,YETI
4933,CROSSTREK
4934,GSF1250SA
4935,GSX250R
4936,GSX-S1000
4937,GSX-S1000A
4938,GSX-S1000F
4939,GSX-S750
4940,RV200
4941,FIDDLE III
4942,SCOOTER
4943,TS30
4944,TS35
4945,TS45
4947,MODEL 3
4948,MODEL X
4949,86
4950,C-HR
4951,COROLLA IM
4952,MIRAI
4953,PRIUS PRIME
4954,RAV4 HV
4955,SCION FR-S
4956,SCION IA
4957,SCION IM
4958,YARIS IA
4959,DAYTONA 675R
4960,EXPLORER
4961,STREET CUP
4962,STREET SCRAMBLER
4963,STREET TWIN
4964,COMMUTER COACH CX
4965,TDX DOUBLE DECK COACH
4966,946
4967,PRIMAVERA
4968,SPRINT
4969,EMPULSE TT
4970,MAGNUM
4971,NESS MAGNUM
4972,OCTANE
4973,ATLAS
4974,E-GOLF
4975,GOLF ALLTRACK
4976,GOLF SPORTWAGEN
4977,S60 CROSS COUNTRY
4978,V60 CROSS COUNTRY
4979,V90 CROSS COUNTRY
4980,VNR
4981,5700 XE
4982,FJ09
4983,FZ07A
4984,FZ10
4985,SCR950
4986,XC155
4987,XSR900
4988,XT1200ZE
4989,YFZ50
4990,YXC700
4991,YXE700
4992,YXZ1000
4993,YZFR1S
4994,YZFR3
4995,SCOOTER
4996,DSR
4997,FXP
4998,FXS
4999,MX
5000,X2
5001,CHIRON
5002,MAVERICK TRAIL
5003,PANIGALE
5004,GTC4 LUSSO T
5005,KONA
5006,E-PACE
5007,REVERO
5008,STINGER
5009,SPADE 150
5010,MV AGUSTA/B1
5011,CZD300
5012,XSR700
5014,YXF850
9998,OTHER (EXPLAIN IN NARRATIVE)
